שם הפרק,שם המסכת,מספר פרק במסכת
מאימתי,ברכות,א
היה קורא,ברכות,ב
מי שמתו,ברכות,ג
תפילת השחר,ברכות,ד
אין עומדין,ברכות,ה
כיצד מברכין,ברכות,ו
שלשה שאכלו,ברכות,ז
אלו דברים,ברכות,ח
הרואה,ברכות,ט
אלו דברים,פאה,א
אלו מפסיקין,פאה,ב
מלבנות התבואה,פאה,ג
הפאה,פאה,ד
גדיש,פאה,ה
בית שמאי,פאה,ו
כל זית,פאה,ז
מאימתי,פאה,ח
הקלים שבדמאי,דמאי,א
ואלו דברים,דמאי,ב
מאכילין,דמאי,ג
הלוקח פירות,דמאי,ד
הלוקח מן הנחתום,דמאי,ה
המקבל [שדה],דמאי,ו
המזמין,דמאי,ז]
החיטין,כלאים,א
כל סאה,כלאים,ב
ערוגה,כלאים,ג
קרחת,כלאים,ד
כרם שחרב,כלאים,ה
איזהו עריס,כלאים,ו
המבריך,כלאים,ז
כלאי הכרם,כלאים,ח
אין אסור,כלאים,ט
עד אימתי (שדה האילן),שביעית,א
עד אימתי (שדה הלבן),שביעית,ב
מאימתי (מוציאין),שביעית,ג
בראשונה,שביעית,ד
בנות שוח,שביעית,ה
שלש ארצות,שביעית,ו
כלל גדול,שביעית,ז
כלל גדול,שביעית,ח
הפיגם,שביעית,ט
שביעית,שביעית,י
חמשה,תרומות,א
אין תורמין,תרומות,ב
התורם,תרומות,ג
המפריש,תרומות,ד
סאה,תרומות,ה
האוכל,תרומות,ו
האוכל,תרומות,ז
האשה (שהיתה),תרומות,ח
הזורע,תרומות,ט
בצל,תרומות,י
אין נותנין,תרומות,יא
כלל אמרו,מעשרות,א
היה עובר,מעשרות,ב
המעביר,מעשרות,ג
הכובש,מעשרות,ד
העוקר,מעשרות,ה
מעשר שני (אין),מעשר שני,א
מעשר שני (ניתן),מעשר שני,ב
לא יאמר,מעשר שני,ג
המוליך פירות,מעשר שני,ד
כרם רבעי,מעשר שני,ה
חמשה דברים,חלה,א
פירות,חלה,ב
אוכלין,חלה,ג
שתי נשים,חלה,ד
הנוטע,ערלה,א
התרומה (ותרומת מעשר),ערלה,ב
בגד,ערלה,ג
יש מביאין,ביכורים,א
התרומה (והביכורים),ביכורים,ב
כיצד (מפרישין),ביכורים,ג
אנדרוגינוס,ביכורים,ד
יציאות השבת,שבת,א
במה מדליקין,שבת,ב
כירה,שבת,ג
במה טומנין,שבת,ד
במה בהמה,שבת,ה
במה אשה,שבת,ו
כלל גדול,שבת,ז
המוציא יין,שבת,ח
[אמר] רבי עקיבא,שבת,ט
המצניע,שבת,י
הזורק,שבת,יא
הבונה,שבת,יב
האורג,שבת,יג
שמונה שרצים,שבת,יד
אלו קשרים,שבת,טו
כל כתבי,שבת,טז
כל הכלים,שבת,יז
מפנין,שבת,יח
רבי אליעזר דמילה,שבת,יט
תולין,שבת,כ
נוטל,שבת,כא
חבית,שבת,כב
שואל,שבת,כג
מי שהחשיך,שבת,כד
מבוי שהוא גבוה,עירובין,א
עושין פסין,עירובין,ב
בכל מערבין,עירובין,ג
מי שהוציאוהו,עירובין,ד
כיצד מעברין,עירובין,ה
הדר,עירובין,ו
חלון,עירובין,ז
כיצד משתתפין,עירובין,ח
כל גגות,עירובין,ט
המוצא תפילין,עירובין,י
אור לארבעה עשר,פסחים,א
כל שעה,פסחים,ב
(ו)אלו עוברין,פסחים,ג
מקום שנהגו,פסחים,ד
תמיד נשחט,פסחים,ה
אלו דברים,פסחים,ו
כיצד צולין,פסחים,ז
האשה,פסחים,ח
מי שהיה,פסחים,ט
ערבי פסחים,פסחים,י
באחד באדר,שקלים,א
מצרפין שקלים,שקלים,ב
בשלשה פרקים,שקלים,ג
התרומה,שקלים,ד
אלו הן הממונים,שקלים,ה
שלשה עשר שופרות,שקלים,ו
מעות שנמצאו,שקלים,ז
כל הרוקין,שקלים,ח
ארבעה ראשי שנים,ראש השנה,א
אם אינן מכירין,ראש השנה,ב
ראוהו בית דין,ראש השנה,ג
יום טוב,ראש השנה,ד
שבעת ימים,יומא,א
בראשונה,יומא,ב
אמר להם הממונה,יומא,ג
טרף בקלפי,יומא,ד
הוציאו לו,יומא,ה
שני שעירי,יומא,ו
בא לו (כהן גדול),יומא,ז
יום הכיפורים,יומא,ח
סוכה,סוכה,א
הישן תחת המטה,סוכה,ב
לולב הגזול,סוכה,ג
לולב וערבה,סוכה,ד
החליל,סוכה,ה
ביצה,ביצה,א
יום טוב,ביצה,ב
אין צדין,ביצה,ג
המביא,ביצה,ד
משילין,ביצה,ה
מאימתי,תענית,א
סדר תעניות כיצד,תענית,ב
סדר תעניות אלו,תענית,ג
בשלשה פרקים,תענית,ד
מגילה נקראת,מגילה,א
הקורא למפרע,מגילה,ב
הקורא עומד,מגילה,ג
בני העיר,מגילה,ד
משקין בית השלחין,מועד קטן,א
מי שהפך,מועד קטן,ב
ואלו מגלחין,מועד קטן,ג
הכל חייבין,חגיגה,א
אין דורשין,חגיגה,ב
חומר בקודש,חגיגה,ג
חמש עשרה נשים,יבמות,א
כיצד,יבמות,ב
ארבעה אחין,יבמות,ג
החולץ ליבמתו,יבמות,ד
רבן גמליאל,יבמות,ה
הבא על יבמתו,יבמות,ו
אלמנה לכהן גדול,יבמות,ז
הערל,יבמות,ח
יש מותרות,יבמות,ט
האשה רבה,יבמות,י
נושאין על האנוסה,יבמות,יא
מצות חליצה,יבמות,יב
בית שמאי,יבמות,יג
חרש שנשא,יבמות,יד
האשה שלום,יבמות,טו
האשה בתרא,יבמות,טז
בתולה נשאת,כתובות,א
האשה שנתארמלה,כתובות,ב
אלו נערות,כתובות,ג
נערה שנתפתתה,כתובות,ד
אף על פי,כתובות,ה
מציאת האשה,כתובות,ו
המדיר,כתובות,ז
האשה שנפלו,כתובות,ח
הכותב לאשתו,כתובות,ט
מי שהיה נשוי,כתובות,י
אלמנה ניזונת,כתובות,יא
הנושא את האשה,כתובות,יב
שני דייני,כתובות,יג
כל כנויי,נדרים,א
ואלו מותרין,נדרים,ב
ארבעה נדרים,נדרים,ג
אין בין המודר,נדרים,ד
השותפין,נדרים,ה
הנודר מן המבושל,נדרים,ו
הנודר מן הירק,נדרים,ז
קונם יין,נדרים,ח
רבי אליעזר,נדרים,ט
נערה המאורסה,נדרים,י
ואלו נדרים,נדרים,יא
כל כנויי נזירות,נזיר,א
הריני נזיר,נזיר,ב
מי שאמר,נזיר,ג
מי שאמר,נזיר,ד
בית שמאי,נזיר,ה
שלשה מינין,נזיר,ו
כהן גדול,נזיר,ז
שני נזירים,נזיר,ח
הכותים אין להם,נזיר,ט
המקנא,סוטה,א
היה מביא,סוטה,ב
היה נוטל,סוטה,ג
ארוסה,סוטה,ד
כשם שהמים,סוטה,ה
מי שקינא,סוטה,ו
אלו נאמרין,סוטה,ז
משוח מלחמה,סוטה,ח
עגלה ערופה,סוטה,ט
המביא גט,גיטין,א
המביא גט,גיטין,ב
כל הגט,גיטין,ג
השולח,גיטין,ד
הניזקין,גיטין,ה
האומר,גיטין,ו
מי שאחזו,גיטין,ז
הזורק,גיטין,ח
המגרש,גיטין,ט
האשה נקנית,קידושין,א
האיש מקדש,קידושין,ב
האומר,קידושין,ג
עשרה יוחסין,קידושין,ד
ארבעה אבות,בבא קמא,א
כיצד הרגל,בבא קמא,ב
המניח,בבא קמא,ג
שור שנגח ד' וה',בבא קמא,ד
שור שנגח את הפרה,בבא קמא,ה
הכונס,בבא קמא,ו
מרובה,בבא קמא,ז
החובל,בבא קמא,ח
הגוזל עצים,בבא קמא,ט
הגוזל ומאכיל,בבא קמא,י
שנים אוחזין,בבא מציעא,א
אלו מציאות,בבא מציעא,ב
המפקיד,בבא מציעא,ג
הזהב,בבא מציעא,ד
איזהו נשך,בבא מציעא,ה
השוכר את האומנין,בבא מציעא,ו
השוכר את הפועלים,בבא מציעא,ז
השואל את הפרה,בבא מציעא,ח
המקבל שדה מחבירו,בבא מציעא,ט
הבית והעלייה,בבא מציעא,י
השותפין,בבא בתרא,א
לא יחפור,בבא בתרא,ב
חזקת הבתים,בבא בתרא,ג
המוכר את הבית,בבא בתרא,ד
המוכר את הספינה,בבא בתרא,ה
המוכר פירות,בבא בתרא,ו
בית כור,בבא בתרא,ז
יש נוחלין,בבא בתרא,ח
מי שמת,בבא בתרא,ט
גט פשוט,בבא בתרא,י
דיני ממונות בשלשה,סנהדרין,א
כהן גדול,סנהדרין,ב
זה בורר,סנהדרין,ג
אחד דיני ממונות,סנהדרין,ד
היו בודקין,סנהדרין,ה
נגמר הדין,סנהדרין,ו
ארבע מיתות,סנהדרין,ז
בן סורר ומורה,סנהדרין,ח
הנשרפין,סנהדרין,ט
חלק,סנהדרין,י
אלו הן הנחנקין,סנהדרין,יא
כיצד העדים,מכות,א
אלו הן הגולין,מכות,ב
ואלו הן הלוקין,מכות,ג
שבועות שתים,שבועות,א
ידיעות הטומאה,שבועות,ב
שבועות שתים,שבועות,ג
שבועת העדות,שבועות,ד
שבועת הפקדון,שבועות,ה
שבועת הדיינין,שבועות,ו
כל הנשבעין,שבועות,ז
ארבעה שומרין,שבועות,ח
לפני אידיהן,עבודה זרה,א
אין מעמידין,עבודה זרה,ב
כל הצלמים,עבודה זרה,ג
רבי ישמעאל,עבודה זרה,ד
השוכר את הפועל,עבודה זרה,ה
הורו בית דין,הוריות,א
הורה כהן משיח,הוריות,ב
כהן משיח,הוריות,ג
שמאי אומר,עדיות,א
רבי חנינא,עדיות,ב
כל המטמאין,עדיות,ג
אלו דברים,עדיות,ד
רבי יהודה,עדיות,ה
רבי יהודה בן בבא,עדיות,ו
העיד רבי יהושע,עדיות,ז
העיד רבי יהושע בן בתירא,עדיות,ח
משה קיבל,אבות,א
,אבות,ב
,אבות,ג
,אבות,ד
,אבות,ה
,אבות,ו (ברייתא)
כל הזבחים,זבחים,א
כל הזבחים שקבלו דמן,זבחים,ב
כל הפסולין,זבחים,ג
בית שמאי,זבחים,ד
איזהו מקומן,זבחים,ה
קדשי קדשים,זבחים,ו
חטאת העוף,זבחים,ז
כל הזבחים,זבחים,ח
המזבח מקדש,זבחים,ט
כל התדיר,זבחים,י
דם חטאת,זבחים,יא
טבול יום,זבחים,יב
השוחט והמעלה,זבחים,יג
פרת חטאת,זבחים,יד
כל המנחות,מנחות,א
הקומץ את המנחה,מנחות,בב
הקומץ רבה,מנחות,ג
התכלת,מנחות,ד
כל המנחות באות מצה,מנחות,ה
רבי ישמעאל,מנחות,ו
אלו מנחות נקמצות,מנחות,ז
התודה היתה באה,מנחות,ח
כל קרבנות הצבור,מנחות,ט
שתי מדות,מנחות,י
שתי הלחם,מנחות,יא
המנחות והנסכים,מנחות,יב
הרי עלי עשרון,מנחות,יג
הכל שוחטין,חולין,א
השוחט,חולין,ב
אלו טרפות,חולין,ג
בהמה המקשה,חולין,ד
אותו ואת בנו,חולין,ה
כסוי הדם,חולין,ו
גיד הנשה,חולין,ז
כל הבשר,חולין,ח
העור והרוטב,חולין,ט
הזרוע והלחיים,חולין,י
ראשית הגז,חולין,יא
שילוח הקן,חולין,יב
הלוקח עובר חמורו,בכורות,א
הלוקח עובר פרתו,בכורות,ב
הלוקח בהמה,בכורות,ג
עד כמה,בכורות,ד
כל פסולי המוקדשין,בכורות,ה
על אלו מומין,בכורות,ו
מומין אלו,בכורות,זז
יש בכור,בכורות,ח
מעשר בהמה,בכורות,ט
הכל מעריכין,ערכין,א
אין נערכין,ערכין,ב
יש בערכין,ערכין,ג
השג יד,ערכין,ד
האומר משקלי עלי,ערכין,ה
שום היתומים,ערכין,ו
אין מקדישין,ערכין,ז
המקדיש שדהו,ערכין,ח
המוכר שדהו,ערכין,ט
הכל ממירין,תמורה,א
יש בקרבנות,תמורה,ב
אלו קדשים,תמורה,ג
ולד חטאת,תמורה,ד
כיצד מערימין,תמורה,ה
כל האסורין,תמורה,ו
יש בקדשי מזבח,תמורה,ז
שלשים ושש,כריתות,א
ארבעה מחוסרי כפרה,כריתות,ב
אמרו לו,כריתות,ג
ספק אכל חלב,כריתות,ד
דם שחיטה,כריתות,ה
המביא אשם,כריתות,ו
קדשי קדשים,מעילה,א
חטאת העוף,מעילה,ב
ולד חטאת,מעילה,ג
קדשי מזבח,מעילה,ד
הנהנה מן ההקדש,מעילה,ה
השליח שעשה,מעילה,ו
חטאת העוף,קנים,א
קן סתומה,קנים,ב
במה דברים אמורים,קנים,ג
בשלשה מקומות,תמיד,א
ראוהו אחיו,תמיד,ב
אמר להם הממונה,תמיד,ג
לא היו כופתין,תמיד,ד
אמר להם הממונה,תמיד,ה
החלו עולין,תמיד,ו
בזמן שכהן גדול,תמיד,ז
בשלשה מקומות,מדות,א
הר הבית,מדות,ב
המזבח,מדות,ג
פתחו של היכל,מדות,ד
כל העזרה,מדות,ה
שמאי,נדה,א
כל היד,נדה,ב
המפלת חתיכה,נדה,ג
בנות כותים,נדה,ד
יוצא דופן,נדה,ה
בא סימן,נדה,ו
דם הנדה,נדה,ז
הרואה כתם,נדה,ח
האשה שהיא עושה,נדה,ט
תינוקת,נדה,י
אבות הטומאות,כלים,א
כלי עץ,כלים,ב
שיעור כלי חרס,כלים,ג
החרס,כלים,ד
תנור,כלים,ה
העושה,כלים,ו
הקלתות,כלים,ז
התנור,כלים,ח
מחט,כלים,ט
אלו הכלים,כלים,י
כלי מתכות,כלים,יא
טבעת אדם,כלים,יב
הסייף והסכין,כלים,יג
כלי מתכות,כלים,יד
כלי עץ,כלים,טו
כל כלי עץ,כלים,טז
כל כלי בעלי בתים,כלים,יז
השידה,כלים,יח
המפרק,כלים,יט
הכרים,כלים,כ
הנוגע,כלים,כא
השולחן,כלים,כב
הכדור,כלים,כג
שלשה תריסין,כלים,כד
כל הכלים,כלים,כה
סנדל עמקי,כלים,כו
הבגד,כלים,כז
שלש על שלש,כלים,כח
נומי הסדין,כלים,כט
כלי זכוכית,כלים,ל
שנים טמאים,אהלות,א
אלו מטמאין,אהלות,ב
כל המטמאין,אהלות,ג
מגדל,אהלות,ד
תנור,אהלות,ה
אדם וכלים,אהלות,ו
הטומאה בכותל,אהלות,ז
יש מביאין,אהלות,ח
כוורת,אהלות,ט
ארובה,אהלות,י
הבית שנסדק,אהלות,יא
נסר,אהלות,יב
העושה מאור,אהלות,יג
הזיז,אהלות,יד
סגוס,אהלות,טו
כל המטלטלין,אהלות,טז
החורש,אהלות,יז
כיצד בוצרין,אהלות,יח
מראות נגעים,נגעים,א
בהרת עזה,נגעים,ב
הכל מטמאין,נגעים,ג
יש בשער,נגעים,ד
כל ספק,נגעים,ה
גופה,נגעים,ו
אלו בהרות,נגעים,ז
הפורח,נגעים,ח
השחין,נגעים,ט
הנתקים,נגעים,י
כל הבגדים,נגעים,יא
כל הבתים,נגעים,יב
עשרה בתים,נגעים,יג
כיצד מטהרין,נגעים,יד
רבי אליעזר,פרה,א
רבי אליעזר,פרה,ב
שבעת ימים,פרה,ג
פרת חטאת,פרה,ד
המביא,פרה,ה
המקדש,פרה,ו
חמשה,פרה,ז
שנים,פרה,ח
צלוחית,פרה,ט
כל הראוי,פרה,י
צלוחית שהניחה,פרה,יא
האזוב,פרה,יב
שלשה עשר,טהרות,א
האשה,טהרות,ב
הרוטב,טהרות,ג
הזורק,טהרות,ד
השרץ,טהרות,ה
מקום שהיה,טהרות,ו
הקדר,טהרות,ז
הדר,טהרות,ח
זיתים,טהרות,ט
הנועל,טהרות,י
שש מעלות,מקוואות,א
הטמא,מקוואות,ב
רבי יוסי,מקוואות,ג
המניח,מקוואות,ד
מעין,מקוואות,ה
כל המעורב,מקוואות,ו
יש מעלין,מקוואות,ז
ארץ ישראל,מקוואות,ח
אלו חוצצין,מקוואות,ט
כל ידות,מקוואות,י
כל משקה,מכשירין,א
זיעת בתים,מכשירין,ב
שק,מכשירין,ג
השוחה,מכשירין,ד
מי שטבל,מכשירין,ה
המעלה,מכשירין,ו
הרואה,זבים,א
הכל מטמאין,זבים,ב
הזב,זבים,ג
רבי יהושע,זבים,ד
הנוגע,זבים,ה
המכנס,טבול יום,א
משקה,טבול יום,ב
כל ידות,טבול יום,ג
אוכל מעשר,טבול יום,ד
מי רביעית,ידים,א
נטל לידו,ידים,ב
המכניס,ידים,ג
בו ביום,ידים,ד
כל שהוא יד,עוקצין,א
זיתים,עוקצין,ב
יש צריכין,עוקצין,ג